{
  "valid": true,
  "plan_summary": {
    "plan_name": "Containerized Dark Data Ingestor Network (CDDIN)",
    "plan_type": "Large-scale physical-digital infrastructure preservation program"
  },
  "settings": {
    "n_runs": 10000,
    "seed": 12345,
    "distribution_default": "triangular"
  },
  "outputs": {
    "fleet_lifetime_opex_budget_margin_usd": {
      "unit": "USD",
      "count": 10000,
      "missing_count": 0,
      "mean": -499202234.0312552,
      "std": 60589817.21198066,
      "min": -646506721.5098906,
      "p05": -601975551.7263508,
      "p25": -542724755.302685,
      "p50": -498909982.9998252,
      "p75": -455487225.19632447,
      "p95": -398230702.223981,
      "max": -351345345.1812289
    },
    "uptime_margin_fraction": {
      "unit": "fraction",
      "count": 10000,
      "missing_count": 0,
      "mean": -0.026844584124180806,
      "std": 0.04629520606523868,
      "min": -0.14897702988567174,
      "p05": -0.11000989361247596,
      "p25": -0.060342958656243284,
      "p50": -0.021809004498116125,
      "p75": 0.008322674946939085,
      "p95": 0.042771727020201225,
      "max": 0.06906674582293904
    },
    "review_load_buffer_margin_fraction": {
      "unit": "fraction",
      "count": 10000,
      "missing_count": 0,
      "mean": 0.052440473990657675,
      "std": 0.018964572130552585,
      "min": 0.002951319261144364,
      "p05": 0.01898605982988322,
      "p25": 0.03898429700079349,
      "p50": 0.05425797195620625,
      "p75": 0.06668217976326478,
      "p95": 0.08159320689851461,
      "max": 0.09408386175426034
    },
    "pretreatment_reliability_margin_fraction": {
      "unit": "fraction",
      "count": 10000,
      "missing_count": 0,
      "mean": -0.01573896628019541,
      "std": 0.05126337489686259,
      "min": -0.14951246636736748,
      "p05": -0.10608628401960465,
      "p25": -0.051865945774558414,
      "p50": -0.012051702045372648,
      "p75": 0.021594527162213634,
      "p95": 0.06589893729087426,
      "max": 0.0991535258060291
    },
    "phase1_budget_margin_usd": {
      "unit": "USD",
      "count": 10000,
      "missing_count": 0,
      "mean": 14461855.200262759,
      "std": 3287686.5624575443,
      "min": 4170357.4547908753,
      "p05": 8766849.915198315,
      "p25": 12158945.2881129,
      "p50": 14644518.76310626,
      "p75": 16894006.01750854,
      "p95": 19639448.696191557,
      "max": 23147990.535071753
    }
  },
  "thresholds": {
    "fleet_lifetime_opex_budget_margin_usd": {
      "operator": ">=",
      "value": 0,
      "success_count": 0,
      "valid_count": 10000,
      "probability": 0.0
    },
    "uptime_margin_fraction": {
      "operator": ">=",
      "value": 0,
      "success_count": 3201,
      "valid_count": 10000,
      "probability": 0.3201
    },
    "review_load_buffer_margin_fraction": {
      "operator": ">=",
      "value": 0,
      "success_count": 10000,
      "valid_count": 10000,
      "probability": 1.0
    },
    "pretreatment_reliability_margin_fraction": {
      "operator": ">=",
      "value": 0,
      "success_count": 4035,
      "valid_count": 10000,
      "probability": 0.4035
    },
    "phase1_budget_margin_usd": {
      "operator": ">=",
      "value": 0,
      "success_count": 10000,
      "valid_count": 10000,
      "probability": 1.0
    }
  },
  "sensitivity": {
    "fleet_lifetime_opex_budget_margin_usd": {
      "top_inputs": [
        {
          "id": "annual_opex_per_miu_usd",
          "correlation": -1.0
        }
      ]
    },
    "uptime_margin_fraction": {
      "top_inputs": [
        {
          "id": "achieved_fleet_uptime_fraction",
          "correlation": 1.0
        }
      ]
    },
    "review_load_buffer_margin_fraction": {
      "top_inputs": [
        {
          "id": "ai_flag_rate_fraction",
          "correlation": -1.0
        }
      ]
    },
    "pretreatment_reliability_margin_fraction": {
      "top_inputs": [
        {
          "id": "achieved_pretreatment_reliability_fraction",
          "correlation": 1.0
        }
      ]
    },
    "phase1_budget_margin_usd": {
      "top_inputs": [
        {
          "id": "phase1_vintage_acquisition_usd",
          "correlation": -0.9401
        },
        {
          "id": "phase1_miu_capex_per_unit_usd",
          "correlation": -0.2949
        },
        {
          "id": "annual_opex_per_miu_usd",
          "correlation": -0.1711
        }
      ]
    }
  },
  "quartile_analysis": {
    "fleet_lifetime_opex_budget_margin_usd": [
      {
        "id": "annual_opex_per_miu_usd",
        "p_pass_low_quartile": 0.0,
        "p_pass_high_quartile": 0.0,
        "delta_pp": 0.0
      }
    ],
    "uptime_margin_fraction": [
      {
        "id": "achieved_fleet_uptime_fraction",
        "p_pass_low_quartile": 0.0,
        "p_pass_high_quartile": 1.0,
        "delta_pp": 100.0
      }
    ],
    "review_load_buffer_margin_fraction": [
      {
        "id": "ai_flag_rate_fraction",
        "p_pass_low_quartile": 1.0,
        "p_pass_high_quartile": 1.0,
        "delta_pp": 0.0
      }
    ],
    "pretreatment_reliability_margin_fraction": [
      {
        "id": "achieved_pretreatment_reliability_fraction",
        "p_pass_low_quartile": 0.0,
        "p_pass_high_quartile": 1.0,
        "delta_pp": 100.0
      }
    ],
    "phase1_budget_margin_usd": [
      {
        "id": "annual_opex_per_miu_usd",
        "p_pass_low_quartile": 1.0,
        "p_pass_high_quartile": 1.0,
        "delta_pp": 0.0
      },
      {
        "id": "phase1_miu_capex_per_unit_usd",
        "p_pass_low_quartile": 1.0,
        "p_pass_high_quartile": 1.0,
        "delta_pp": 0.0
      },
      {
        "id": "phase1_vintage_acquisition_usd",
        "p_pass_low_quartile": 1.0,
        "p_pass_high_quartile": 1.0,
        "delta_pp": 0.0
      }
    ]
  },
  "binding_gate_analysis": {},
  "required_input_thresholds": {
    "uptime_margin_fraction": [
      {
        "id": "achieved_fleet_uptime_fraction",
        "direction": "above",
        "input_percentile_cutoff": 67,
        "cutoff_value": 0.8988980959087656,
        "conditional_pass_prob": 0.97,
        "admitted_fraction": 0.33
      }
    ],
    "pretreatment_reliability_margin_fraction": [
      {
        "id": "achieved_pretreatment_reliability_fraction",
        "direction": "above",
        "input_percentile_cutoff": 50,
        "cutoff_value": 0.8379482979546273,
        "conditional_pass_prob": 0.807,
        "admitted_fraction": 0.5
      }
    ]
  },
  "missing_value_priority": [
    {
      "id": "achieved_pretreatment_reliability_fraction",
      "score": 17.5441,
      "worst_gate": "pretreatment_reliability_margin_fraction",
      "bound_width_ratio": 0.2941,
      "source": "assumption"
    },
    {
      "id": "achieved_fleet_uptime_fraction",
      "score": 16.6198,
      "worst_gate": "uptime_margin_fraction",
      "bound_width_ratio": 0.2444,
      "source": "assumption"
    }
  ],
  "model_confidence": {
    "fleet_lifetime_opex_budget_margin_usd": {
      "grade": "HIGH",
      "data_source_fraction": 1.0,
      "average_bound_width_ratio": 0.4,
      "reasons": [
        "1/1 input bounds anchored in data; 0/1 are assumptions",
        "average bound-width-to-base ratio = 0.40"
      ]
    },
    "uptime_margin_fraction": {
      "grade": "LOW",
      "data_source_fraction": 0.0,
      "average_bound_width_ratio": 0.2444,
      "reasons": [
        "0/1 input bounds anchored in data; 1/1 are assumptions",
        "average bound-width-to-base ratio = 0.24"
      ]
    },
    "review_load_buffer_margin_fraction": {
      "grade": "MEDIUM",
      "data_source_fraction": 1.0,
      "average_bound_width_ratio": 0.8,
      "reasons": [
        "1/1 input bounds anchored in data; 0/1 are assumptions",
        "average bound-width-to-base ratio = 0.80"
      ]
    },
    "pretreatment_reliability_margin_fraction": {
      "grade": "LOW",
      "data_source_fraction": 0.0,