{
  "valid": true,
  "plan_summary": {
    "plan_name": "Global Hemispheric Partition (Builder Path)",
    "plan_type": "mega-project_geopolitical"
  },
  "settings": {
    "n_runs": 10000,
    "seed": 12345,
    "distribution_default": "triangular"
  },
  "outputs": {
    "wave_verification_margin": {
      "unit": "fraction",
      "count": 10000,
      "missing_count": 0,
      "mean": -0.04358652740995086,
      "std": 0.057696443693766704,
      "min": -0.1986914122328889,
      "p05": -0.1488444840262568,
      "p25": -0.0853103273551189,
      "p50": -0.036017527571957086,
      "p75": 0.0016724148964160634,
      "p95": 0.0398358815391187,
      "max": 0.06896611916694595
    },
    "schedule_audit_buffer_months": {
      "unit": "months",
      "count": 10000,
      "missing_count": 0,
      "mean": 6.3475,
      "std": 1.5714145697428161,
      "min": 2.0,
      "p05": 3.0,
      "p25": 5.0,
      "p50": 7.0,
      "p75": 8.0,
      "p95": 8.0,
      "max": 9.0
    },
    "density_buffer_persons_per_km2": {
      "unit": "persons_per_km2",
      "count": 10000,
      "missing_count": 0,
      "mean": -198.99142633555647,
      "std": 1853.4659858563318,
      "min": -4962.3342761798485,
      "p05": -3482.5985019693617,
      "p25": -1511.1767057623315,
      "p50": -62.31320062638406,
      "p75": 1155.804897176286,
      "p95": 2727.2595948058615,
      "max": 3985.8699329061674
    },
    "cip_replacement_cost_usd": {
      "unit": "USD",
      "count": 10000,
      "missing_count": 0,
      "mean": 4343900352.990217,
      "std": 2666212339.275602,
      "min": 366305017.8626296,
      "p05": 1233341008.5178893,
      "p25": 2373991108.9846134,
      "p50": 3701868458.770729,
      "p75": 5689491676.264792,
      "p95": 9543177064.529741,
      "max": 22336640705.43306
    },
    "cip_cost_share_buffer": {
      "unit": "fraction",
      "count": 10000,
      "missing_count": 0,
      "mean": 0.049638008303917486,
      "std": 0.00022218436160630013,
      "min": 0.04813861327454725,
      "p05": 0.04920473524462252,
      "p25": 0.049525875693644604,
      "p50": 0.0496915109617691,
      "p75": 0.04980216740758461,
      "p95": 0.04989722158262352,
      "max": 0.04996947458184478
    }
  },
  "thresholds": {
    "wave_verification_margin": {
      "operator": ">=",
      "value": 0,
      "success_count": 2614,
      "valid_count": 10000,
      "probability": 0.2614
    },
    "schedule_audit_buffer_months": {
      "operator": ">=",
      "value": 0,
      "success_count": 10000,
      "valid_count": 10000,
      "probability": 1.0
    },
    "density_buffer_persons_per_km2": {
      "operator": ">=",
      "value": 0,
      "success_count": 4869,
      "valid_count": 10000,
      "probability": 0.4869
    },
    "cip_cost_share_buffer": {
      "operator": ">=",
      "value": 0,
      "success_count": 10000,
      "valid_count": 10000,
      "probability": 1.0
    }
  },
  "sensitivity": {
    "wave_verification_margin": {
      "top_inputs": [
        {
          "id": "actual_wave_verification_rate",
          "correlation": 1.0
        }
      ]
    },
    "schedule_audit_buffer_months": {
      "top_inputs": [
        {
          "id": "wave3_actual_completion_month",
          "correlation": -1.0
        }
      ]
    },
    "density_buffer_persons_per_km2": {
      "top_inputs": [
        {
          "id": "projected_peak_hub_density",
          "correlation": -1.0
        }
      ]
    },
    "cip_replacement_cost_usd": {
      "top_inputs": [
        {
          "id": "cip_count_moved_south",
          "correlation": 0.7642
        },
        {
          "id": "monthly_replacement_unit_cost_usd",
          "correlation": 0.5005
        },
        {
          "id": "cip_replacement_ratio",
          "correlation": 0.3022
        }
      ]
    },
    "cip_cost_share_buffer": {
      "top_inputs": [
        {
          "id": "cip_count_moved_south",
          "correlation": -0.7642
        },
        {
          "id": "monthly_replacement_unit_cost_usd",
          "correlation": -0.5005
        },
        {
          "id": "cip_replacement_ratio",
          "correlation": -0.3022
        }
      ]
    }
  },
  "quartile_analysis": {
    "wave_verification_margin": [
      {
        "id": "actual_wave_verification_rate",
        "p_pass_low_quartile": 0.0,
        "p_pass_high_quartile": 1.0,
        "delta_pp": 100.0
      }
    ],
    "schedule_audit_buffer_months": [
      {
        "id": "wave3_actual_completion_month",
        "p_pass_low_quartile": 1.0,
        "p_pass_high_quartile": 1.0,
        "delta_pp": 0.0
      }
    ],
    "density_buffer_persons_per_km2": [
      {
        "id": "projected_peak_hub_density",
        "p_pass_low_quartile": 1.0,
        "p_pass_high_quartile": 0.0,
        "delta_pp": -100.0
      }
    ],
    "cip_cost_share_buffer": [
      {
        "id": "cip_replacement_ratio",
        "p_pass_low_quartile": 1.0,
        "p_pass_high_quartile": 1.0,
        "delta_pp": 0.0
      },
      {
        "id": "cip_count_moved_south",
        "p_pass_low_quartile": 1.0,
        "p_pass_high_quartile": 1.0,
        "delta_pp": 0.0
      },
      {
        "id": "monthly_replacement_unit_cost_usd",
        "p_pass_low_quartile": 1.0,
        "p_pass_high_quartile": 1.0,
        "delta_pp": 0.0
      }
    ]
  },
  "binding_gate_analysis": {},
  "required_input_thresholds": {
    "wave_verification_margin": [
      {
        "id": "actual_wave_verification_rate",
        "direction": "above",
        "input_percentile_cutoff": 75,
        "cutoff_value": 0.8516724148964161,
        "conditional_pass_prob": 1.0,
        "admitted_fraction": 0.25
      }
    ],
    "density_buffer_persons_per_km2": [
      {
        "id": "projected_peak_hub_density",
        "direction": "below",
        "input_percentile_cutoff": 50,
        "cutoff_value": 13062.313200626384,
        "conditional_pass_prob": 0.9738,
        "admitted_fraction": 0.5
      }
    ]
  },
  "missing_value_priority": [
    {
      "id": "projected_peak_hub_density",
      "score": 36.9432,
      "worst_gate": "density_buffer_persons_per_km2",
      "bound_width_ratio": 0.72,
      "source": "data"
    },
    {
      "id": "actual_wave_verification_rate",
      "score": 23.4614,
      "worst_gate": "wave_verification_margin",
      "bound_width_ratio": 0.3176,
      "source": "assumption"
    }
  ],
  "model_confidence": {
    "wave_verification_margin": {
      "grade": "LOW",
      "data_source_fraction": 0.0,
      "average_bound_width_ratio": 0.3176,
      "reasons": [
        "0/1 input bounds anchored in data; 1/1 are assumptions",
        "average bound-width-to-base ratio = 0.32"
      ]
    },
    "schedule_audit_buffer_months": {
      "grade": "HIGH",
      "data_source_fraction": 1.0,
      "average_bound_width_ratio": 0.4375,
      "reasons": [
        "1/1 input bounds anchored in data; 0/1 are assumptions",
        "average bound-width-to-base ratio = 0.44"
      ]
    },
    "density_buffer_persons_per_km2": {
      "grade": "MEDIUM",
      "data_source_fraction": 1.0,
      "average_bound_width_ratio": 0.72,
      "reasons": [
        "1/1 input bounds anchored in data; 0/1 are assumptions",
        "average bound-width-to-base ratio = 0.72"
      ]
    },
    "cip_replacement_cost_usd": {
      "grade": "LOW",
      "data_source_fraction": 0.3333,
      "average_bound_width_ratio": 2.1759,
      "reasons": [
        "1/3 input bounds anchored in data; 2/3 are assumptions",
        "average bound-width-to-base ratio = 2.18"
      ]
    },
    "cip_cost_share_buffer": {
      "grade": "LOW",
      "data_source_fraction": 0.3333,
      "average_bound_width_ratio": 2.1759,
      "reasons": [
        "1/3 input bounds anchored in data; 2/3 are assumptions",
        "average bound-width-to-base ratio = 2.18"
      ]
    }
  },
  "bounds_post_processor": {
    "stripped_threshold_ids": []
  },